{"cameraMode":{"drawMode":0,"name":"Shaded","section":"Shading Mode"},"sceneLighting":false,"audioPlay":false,"sceneViewState":{"showFog":true,"showMaterialUpdate":false,"showSkybox":false,"showFlares":true,"showImageEffects":true,"showParticleSystems":true},"in2DMode":false,"pivot":{"x":-0.9394237995147705,"y":-0.11176149547100067,"z":0.4626472592353821},"rotation":{"x":-0.06860142946243286,"y":0.5078732967376709,"z":-0.04061945900321007,"w":-0.8577359318733215},"size":1.7036464214324952,"orthographic":false}