{"cameraMode":{"drawMode":0,"name":"Shaded","section":"Shading Mode"},"sceneLighting":false,"audioPlay":false,"sceneViewState":{"showFog":true,"showMaterialUpdate":false,"showSkybox":false,"showFlares":true,"showImageEffects":true,"showParticleSystems":true},"in2DMode":false,"pivot":{"x":-6.133904457092285,"y":-0.6705076694488525,"z":3.446234703063965},"rotation":{"x":-0.06260503083467484,"y":0.6664279103279114,"z":-0.05631975829601288,"w":-0.7407996654510498},"size":12.892416000366211,"orthographic":false}