{"cameraMode":{"drawMode":0,"name":"Shaded","section":"Shading Mode"},"sceneLighting":false,"audioPlay":false,"sceneViewState":{"showFog":true,"showMaterialUpdate":false,"showSkybox":false,"showFlares":true,"showImageEffects":true,"showParticleSystems":true},"in2DMode":false,"pivot":{"x":-0.01490640640258789,"y":0.9903680086135864,"z":0.08999998867511749},"rotation":{"x":0.04007667675614357,"y":0.9434993267059326,"z":-0.12412761896848679,"w":0.30462414026260378},"size":5.290351390838623,"orthographic":false}