{"cameraMode":{"drawMode":0,"name":"Shaded","section":"Shading Mode"},"sceneLighting":false,"audioPlay":false,"sceneViewState":{"showFog":true,"showMaterialUpdate":false,"showSkybox":false,"showFlares":true,"showImageEffects":true,"showParticleSystems":true},"in2DMode":false,"pivot":{"x":1.0498977899551392,"y":0.037531524896621707,"z":0.23902545869350434},"rotation":{"x":-0.2833605110645294,"y":0.27464476227760317,"z":-0.08500451594591141,"w":-0.9149811863899231},"size":0.2675233483314514,"orthographic":false}