{"cameraMode":{"drawMode":0,"name":"Shaded","section":"Shading Mode"},"sceneLighting":false,"audioPlay":false,"sceneViewState":{"showFog":true,"showMaterialUpdate":false,"showSkybox":false,"showFlares":true,"showImageEffects":true,"showParticleSystems":true},"in2DMode":false,"pivot":{"x":0.9037429690361023,"y":-5.68543815612793,"z":36.1752815246582},"rotation":{"x":-0.04668780788779259,"y":-0.06678608059883118,"z":0.0031722071580588819,"w":-0.9967384934425354},"size":22.0,"orthographic":false}