{"cameraMode":{"drawMode":0,"name":"Shaded","section":"Shading Mode"},"sceneLighting":false,"audioPlay":false,"sceneViewState":{"showFog":true,"showMaterialUpdate":false,"showSkybox":false,"showFlares":true,"showImageEffects":true,"showParticleSystems":true},"in2DMode":false,"pivot":{"x":-1.2039551734924317,"y":-0.25157713890075686,"z":-1.3811416625976563},"rotation":{"x":-0.0398283377289772,"y":0.9422235488891602,"z":-0.12108174711465836,"w":-0.30983829498291018},"size":2.669945001602173,"orthographic":false}