{"cameraMode":{"drawMode":0,"name":"Shaded","section":"Shading Mode"},"sceneLighting":false,"audioPlay":false,"sceneViewState":{"showFog":true,"showMaterialUpdate":false,"showSkybox":false,"showFlares":true,"showImageEffects":true,"showParticleSystems":true},"in2DMode":false,"pivot":{"x":0.013395402580499649,"y":1.106879711151123,"z":-0.17473065853118897},"rotation":{"x":0.1843808889389038,"y":0.09418921917676926,"z":-0.01775428093969822,"w":0.9781705737113953},"size":2.0255320072174074,"orthographic":false}