{"cameraMode":{"drawMode":0,"name":"Shaded","section":"Shading Mode"},"sceneLighting":false,"audioPlay":false,"sceneViewState":{"showFog":true,"showMaterialUpdate":false,"showSkybox":false,"showFlares":true,"showImageEffects":true,"showParticleSystems":true},"in2DMode":false,"pivot":{"x":2.5787835121154787,"y":1.4678001403808594,"z":-0.8153913617134094},"rotation":{"x":0.09346417337656021,"y":-0.655380368232727,"z":0.08222728967666626,"w":0.7449765205383301},"size":0.9703351855278015,"orthographic":false}